USE karaoke

-- insert table nhân viên
INSERT INTO NHANVIEN (MaNV, TENNV, TAIKHOAN, MATKHAU, CMND, SDT, GIOITINH, DIACHI, CHUCVU) 
VALUES ('NV001', N'Nguyễn Tấn Huy', 'nguyentanhuy', '12345678', '0642031683', '0866952340', 1, N'Gò Vấp, HCM', 'QL');

INSERT INTO NHANVIEN (MaNV, TENNV, TAIKHOAN, MATKHAU, CMND, SDT, GIOITINH, DIACHI, CHUCVU) 
VALUES ('NV002', N'Cao Minh Trí', 'caominhtri', '12345678', '0135168568', '0123456789', 1, N'Gò Vấp, HCM', 'QL');

-- insert table loại phòng
INSERT INTO LOAIPHONG (MALOAIPHONG, TENLOAIPHONG) VALUES ('LP01', N'Phòng VIP');
INSERT INTO LOAIPHONG (MALOAIPHONG, TENLOAIPHONG) VALUES ('LP02', N'Phòng Thường');

-- insert table phòng
INSERT INTO PHONG (MAPHONG, TENPHONG, TRANGTHAI, MALOAIPHONG, SUCCHUA, DONGIA) VALUES ('P001', N'Phòng 001', 'TRỐNG', 'LP01', 15, 200000);
INSERT INTO PHONG (MAPHONG, TENPHONG, TRANGTHAI, MALOAIPHONG, SUCCHUA, DONGIA) VALUES ('P002', N'Phòng 002', 'TRỐNG', 'LP01', 10, 200000);
INSERT INTO PHONG (MAPHONG, TENPHONG, TRANGTHAI, MALOAIPHONG, SUCCHUA, DONGIA) VALUES ('P003', N'Phòng 003', 'TRỐNG', 'LP02', 20, 100000);
INSERT INTO PHONG (MAPHONG, TENPHONG, TRANGTHAI, MALOAIPHONG, SUCCHUA, DONGIA) VALUES ('P004', N'Phòng 004', 'TRỐNG', 'LP02', 15, 100000);
INSERT INTO PHONG (MAPHONG, TENPHONG, TRANGTHAI, MALOAIPHONG, SUCCHUA, DONGIA) VALUES ('P005', N'Phòng 005', 'TRỐNG', 'LP01', 10, 200000);
INSERT INTO PHONG (MAPHONG, TENPHONG, TRANGTHAI, MALOAIPHONG, SUCCHUA, DONGIA) VALUES ('P006', N'Phòng 006', 'TRỐNG', 'LP02', 20, 100000);
INSERT INTO PHONG (MAPHONG, TENPHONG, TRANGTHAI, MALOAIPHONG, SUCCHUA, DONGIA) VALUES ('P007', N'Phòng 007', 'TRỐNG', 'LP02', 20, 100000);
INSERT INTO PHONG (MAPHONG, TENPHONG, TRANGTHAI, MALOAIPHONG, SUCCHUA, DONGIA) VALUES ('P008', N'Phòng 008', 'TRỐNG', 'LP02', 20, 100000);
INSERT INTO PHONG (MAPHONG, TENPHONG, TRANGTHAI, MALOAIPHONG, SUCCHUA, DONGIA) VALUES ('P009', N'Phòng 009', 'TRỐNG', 'LP02', 20, 100000);
INSERT INTO PHONG (MAPHONG, TENPHONG, TRANGTHAI, MALOAIPHONG, SUCCHUA, DONGIA) VALUES ('P010', N'Phòng 010', 'TRỐNG', 'LP02', 20, 100000);
INSERT INTO PHONG (MAPHONG, TENPHONG, TRANGTHAI, MALOAIPHONG, SUCCHUA, DONGIA) VALUES ('P011', N'Phòng 011', 'TRỐNG', 'LP02', 20, 100000);

-- insert table dịch vụ
INSERT INTO DICHVU (MADV, DONGIA, DONVI, SOLUONGTONKHO, TENDV) VALUES ('DV001', 20000, 'LON', 93, 'BIA');
INSERT INTO DICHVU (MADV, DONGIA, DONVI, SOLUONGTONKHO, TENDV) VALUES ('DV002', 150000, 'ĐĨA', 66, 'TRÁI CÂY');
INSERT INTO DICHVU (MADV, DONGIA, DONVI, SOLUONGTONKHO, TENDV) VALUES ('DV003', 20000, 'LON', 75, 'NƯỚC NGỌT');
INSERT INTO DICHVU (MADV, DONGIA, DONVI, SOLUONGTONKHO, TENDV) VALUES ('DV004', 50000, 'LON', 75, 'BIA');
INSERT INTO DICHVU (MADV, DONGIA, DONVI, SOLUONGTONKHO, TENDV) VALUES ('DV005', 200000, 'PHẦN', 69, 'TRANG TRÍ PHÒNG');
INSERT INTO DICHVU (MADV, DONGIA, DONVI, SOLUONGTONKHO, TENDV) VALUES ('DV006', 300000, 'PHẦN', 38, 'BÁNH KEM');
INSERT INTO DICHVU (MADV, DONGIA, DONVI, SOLUONGTONKHO, TENDV) VALUES ('DV007', 30000, 'LON', 49, 'BIA TIGER');



INSERT INTO DICHVU (MADV, DONGIA, DONVI, SOLUONGTONKHO, TENDV) VALUES ('DV004', 50000, 'LON', 75, 'BIA');
INSERT INTO DICHVU (MADV, DONGIA, DONVI, SOLUONGTONKHO, TENDV) VALUES ('DV005', 200000, 'PHẦN', 69, 'TRANG TRÍ PHÒNG');
INSERT INTO DICHVU (MADV, DONGIA, DONVI, SOLUONGTONKHO, TENDV) VALUES ('DV006', 300000, 'PHẦN', 38, 'BÁNH KEM');
INSERT INTO DICHVU (MADV, DONGIA, DONVI, SOLUONGTONKHO, TENDV) VALUES ('DV007', 30000, 'LON', 49, 'BIA TIGER');

